code,min_true_score_filename,min_true_score,min_predicted_score_filename,min_predicted_score,min_predicted_true_score,default_mafft_true_score,default_prank_true_score,default_muscle_true_score,min_mafft_true_score,min_mafft_filename,min_prank_true_score,min_prank_filename,min_muscle_true_score,min_muscle_filename,min_true_equals_min_predicted,min_predicted_le_default_mafft,min_predicted_le_default_prank,min_predicted_le_default_muscle,min_predicted_le_min_mafft,min_predicted_le_min_prank,min_predicted_le_min_muscle,min_true_in_top20_min_predicted
EPYC,PRANK_b0#0066_thT_tree_3_OP_0.1469761154759885_Split_66.fasta,0.016,PRANK_b1#0017_hhH_tree_29_OP_0.4079500261582086_Split_17.fasta,0.017812097,0.024,0.03,0.018,0.025,0.02,b0#0075_ttT_tree_33_OP_1.3389769817705446_Split_75.fasta,0.016,PRANK_b0#0066_thT_tree_3_OP_0.1469761154759885_Split_66.fasta,0.021,MUSCLE_diversified_replicate.acb.374.afa,False,True,False,True,False,False,False,False
PDE8B,PRANK_b0#0066_ttH_tree_3_OP_0.014277162055085668_Split_66.fasta,0.015,PRANK_b1#0023_htH_tree_22_OP_0.22176610226040333_Split_23.fasta,0.018467816,0.015,0.035,0.029,0.034,0.02,b0#0070_hhT_tree_61_OP_1.3020468194535082_Split_70.fasta,0.015,PRANK_b0#0066_ttH_tree_3_OP_0.014277162055085668_Split_66.fasta,0.03,MUSCLE_diversified_replicate.abc.213.afa,False,True,True,True,True,True,True,False
DDX6,b1#0034_hhT_tree_36_OP_1.2381759678445565_Split_34.fasta,0.004,PRANK_b0#0063_htH_tree_14_OP_0.48147018320757534_Split_63.fasta,0.011933434,0.008,0.009,0.005,0.006,0.004,b1#0034_hhT_tree_36_OP_1.2381759678445565_Split_34.fasta,0.004,PRANK_b1#0011_htH_tree_10_OP_0.14336973322173707_Split_11.fasta,0.005,MUSCLE_diversified_replicate.bca.99.afa,False,True,False,False,False,False,False,False
DPH5,PRANK_b1#0010_hhH_tree_5_OP_0.499180713307338_Split_10.fasta,0.017,PRANK_b1#0010_htT_tree_5_OP_0.499180713307338_Split_10.fasta,0.014026577,0.018,0.032,0.024,0.03,0.018,b1#0031_htT_tree_50_OP_1.0014756304639278_Split_31.fasta,0.017,PRANK_b1#0010_hhH_tree_5_OP_0.499180713307338_Split_10.fasta,0.029,MUSCLE_diversified_replicate.abc.345.afa,False,True,True,True,True,False,True,True
GPR155,PRANK_b0#0056_htH_tree_20_OP_0.03322144245846864_Split_56.fasta,0.007,PRANK_b0#0056_htT_tree_20_OP_0.03322144245846864_Split_56.fasta,0.019375008,0.007,0.017,0.02,0.018,0.013,b0#0052_hhH_tree_22_OP_1.0017696274681187_Split_52.fasta,0.007,PRANK_b0#0056_htH_tree_20_OP_0.03322144245846864_Split_56.fasta,0.016,MUSCLE_diversified_replicate.acb.362.afa,False,True,True,True,True,True,True,True
OPRK1,PRANK_b1#0020_hhT_tree_38_OP_0.3718389948490331_Split_20.fasta,0.014,PRANK_b0#0075_ttT_tree_10_OP_0.18493088730947033_Split_75.fasta,0.016796295,0.02,0.031,0.017,0.026,0.017,b1#0008_htH_tree_45_OP_1.0278702349585658_Split_8.fasta,0.014,PRANK_b1#0020_hhT_tree_38_OP_0.3718389948490331_Split_20.fasta,0.022,MUSCLE_diversified_replicate.abc.97.afa,False,True,False,True,False,False,True,False
ST7,PRANK_b1#0006_hhH_tree_0_OP_0.12305617796667628_Split_6.fasta,0.019,PRANK_b1#0032_htT_tree_24_OP_0.4569596147087416_Split_32.fasta,0.019758783,0.02,0.033,0.032,0.038,0.024,b1#0014_hhH_tree_27_OP_2.116248142662971_Split_14.fasta,0.019,PRANK_b1#0006_hhH_tree_0_OP_0.12305617796667628_Split_6.fasta,0.033,MUSCLE_diversified_replicate.none.24.afa,False,True,True,True,True,False,True,False
SCARB2,PRANK_b1#0024_hhT_tree_44_OP_0.41408531349592165_Split_24.fasta,0.02,PRANK_b1#0024_htH_tree_44_OP_0.41408531349592165_Split_24.fasta,0.028447825,0.022,0.032,0.023,0.043,0.031,b1#0026_htT_tree_75_OP_1.0234591753855302_Split_26.fasta,0.02,PRANK_b1#0024_hhT_tree_44_OP_0.41408531349592165_Split_24.fasta,0.033,MUSCLE_diversified_replicate.abc.349.afa,False,True,True,True,True,False,True,True
SGCE,MSA.PRANK.aln.best.fas,0.026,PRANK_b0#0068_ttT_tree_22_OP_0.3860899813407563_Split_68.fasta,0.017019145,0.027,0.046,0.026,0.059,0.038,b1#0010_htH_tree_65_OP_1.0077675816030374_Split_10.fasta,0.026,MSA.PRANK.aln.best.fas,0.048,MUSCLE_diversified_replicate.acb.310.afa,False,True,False,True,True,False,True,False
FNBP1L,PRANK_b1#0007_htT_tree_19_OP_0.3242384666345362_Split_7.fasta,0.003,PRANK_b1#0000_htT_tree_16_OP_0.01642866006569349_Split_0.fasta,0.011293379,0.004,0.008,0.005,0.011,0.004,b0#0060_hhH_tree_69_OP_1.2767984135650405_Split_60.fasta,0.003,PRANK_b1#0007_htT_tree_19_OP_0.3242384666345362_Split_7.fasta,0.004,MUSCLE_diversified_replicate.none.204.afa,False,True,True,True,True,False,True,False
VPS45,PRANK_b0#0042_htT_tree_13_OP_0.13677401045526782_Split_42.fasta,0.03,PRANK_b0#0057_ttH_tree_9_OP_0.3713738491726263_Split_57.fasta,0.025500111,0.034,0.042,0.039,0.047,0.037,b1#0018_htH_tree_7_OP_1.4911665106145355_Split_18.fasta,0.03,PRANK_b0#0042_htT_tree_13_OP_0.13677401045526782_Split_42.fasta,0.042,MUSCLE_diversified_replicate.acb.302.afa,False,True,True,True,True,False,True,False
JMJD1C,MSA.PRANK.aln.best.fas,0.015,MSA.PRANK.aln.best.fas,0.013138797,0.015,0.026,0.015,0.025,0.015,b0#0076_thH_tree_35_OP_1.0409842882167692_Split_76.fasta,0.015,MSA.PRANK.aln.best.fas,0.022,MUSCLE_diversified_replicate.acb.158.afa,False,True,True,True,True,True,True,True
ERLEC1,PRANK_b1#0030_hhH_tree_1_OP_0.04572155686640145_Split_30.fasta,0.008,PRANK_b1#0004_hhT_tree_11_OP_0.3370116635257322_Split_4.fasta,0.013369699,0.012,0.021,0.019,0.023,0.016,b1#0008_hhH_tree_63_OP_1.1427759029792768_Split_8.fasta,0.008,PRANK_b1#0030_hhH_tree_1_OP_0.04572155686640145_Split_30.fasta,0.02,MUSCLE_diversified_replicate.acb.362.afa,False,True,True,True,True,False,True,False
NFKBIZ,PRANK_b1#0021_hhT_tree_17_OP_0.11936538054680995_Split_21.fasta,0.019,PRANK_b0#0073_htH_tree_30_OP_0.14761569512459688_Split_73.fasta,0.023654558,0.026,0.033,0.028,0.031,0.027,b0#0042_thH_tree_96_OP_1.125168732649575_Split_42.fasta,0.019,PRANK_b1#0021_hhT_tree_17_OP_0.11936538054680995_Split_21.fasta,0.029,MUSCLE_diversified_replicate.none.84.afa,False,True,True,True,True,False,True,True
AKAP7,PRANK_b1#0020_htH_tree_8_OP_0.1274245727693642_Split_20.fasta,0.025,PRANK_b0#0074_ttH_tree_16_OP_0.48061608413763757_Split_74.fasta,0.058715165,0.052,0.046,0.037,0.066,0.041,b1#0009_hhT_tree_70_OP_1.1955135534761663_Split_9.fasta,0.025,PRANK_b1#0020_htH_tree_8_OP_0.1274245727693642_Split_20.fasta,0.054,MUSCLE_diversified_replicate.acb.310.afa,False,False,False,True,False,False,True,False
TXLNB,PRANK_b0#0055_ttH_tree_44_OP_0.10413952235600427_Split_55.fasta,0.038,PRANK_b0#0055_hhH_tree_44_OP_0.10413952235600427_Split_55.fasta,0.049290422,0.04,0.083,0.059,0.067,0.056,b1#0024_hhH_tree_74_OP_1.0082272055733834_Split_24.fasta,0.038,PRANK_b0#0055_ttH_tree_44_OP_0.10413952235600427_Split_55.fasta,0.06,MUSCLE_diversified_replicate.none.136.afa,False,True,True,True,True,False,True,True
IL10,PRANK_b0#0069_hhH_tree_3_OP_0.22842538214675567_Split_69.fasta,0.03,PRANK_b0#0076_htT_tree_5_OP_0.4592485897809958_Split_76.fasta,0.054677255,0.056,0.108,0.061,0.083,0.069,b1#0016_htH_tree_74_OP_1.3452253902602362_Split_16.fasta,0.03,PRANK_b0#0069_hhH_tree_3_OP_0.22842538214675567_Split_69.fasta,0.069,MUSCLE_diversified_replicate.acb.362.afa,False,True,True,True,True,False,True,False
CDNF,PRANK_b1#0005_hhH_tree_23_OP_0.26591368052953085_Split_5.fasta,0.022,PRANK_b0#0050_thH_tree_36_OP_0.41503942354977846_Split_50.fasta,0.061948307,0.032,0.052,0.041,0.048,0.035,b0#0062_hhH_tree_58_OP_1.2145151356209616_Split_62.fasta,0.022,PRANK_b1#0005_hhH_tree_23_OP_0.26591368052953085_Split_5.fasta,0.037,MUSCLE_diversified_replicate.bca.331.afa,False,True,True,True,True,False,True,False
MBOAT1,PRANK_b0#0042_hhH_tree_9_OP_0.17462675898472335_Split_42.fasta,0.015,PRANK_b0#0053_ttT_tree_17_OP_0.31056307092193447_Split_53.fasta,0.026913865,0.019,0.031,0.023,0.025,0.018,b0#0056_thH_tree_43_OP_1.2131922167110776_Split_56.fasta,0.015,PRANK_b0#0042_hhH_tree_9_OP_0.17462675898472335_Split_42.fasta,0.02,MUSCLE_diversified_replicate.none.104.afa,False,True,True,True,False,False,True,False
CSRP2BP,PRANK_b0#0070_htT_tree_5_OP_0.14278879380007053_Split_70.fasta,0.013,PRANK_b1#0011_htT_tree_30_OP_0.49436083706006073_Split_11.fasta,0.017667469,0.018,0.033,0.025,0.034,0.02,b0#0055_ttH_tree_15_OP_1.2070171986733054_Split_55.fasta,0.013,PRANK_b0#0070_htT_tree_5_OP_0.14278879380007053_Split_70.fasta,0.027,MUSCLE_diversified_replicate.bca.187.afa,False,True,True,True,True,False,True,False
SKA1,PRANK_b1#0006_hhH_tree_21_OP_0.16795011711981295_Split_6.fasta,0.013,PRANK_b1#0006_hhH_tree_21_OP_0.16795011711981295_Split_6.fasta,0.022721754,0.013,0.024,0.016,0.035,0.021,b1#0011_htH_tree_64_OP_1.14951806794036_Split_11.fasta,0.013,PRANK_b1#0006_hhH_tree_21_OP_0.16795011711981295_Split_6.fasta,0.029,MUSCLE_diversified_replicate.none.240.afa,False,True,True,True,True,True,True,True
MOB1B,PRANK_b0#0057_htT_tree_24_OP_0.021809894374436367_Split_57.fasta,0.012,PRANK_b1#0027_hhH_tree_31_OP_0.3751034271885318_Split_27.fasta,0.013700558,0.019,0.018,0.014,0.025,0.013,b0#0046_thT_tree_16_OP_1.4576828243134878_Split_46.fasta,0.012,PRANK_b0#0057_htT_tree_24_OP_0.021809894374436367_Split_57.fasta,0.015,MUSCLE_diversified_replicate.bca.187.afa,False,False,False,True,False,False,False,False
WLS,PRANK_b0#0054_htH_tree_26_OP_0.29651356503044807_Split_54.fasta,0.008,PRANK_b1#0033_htH_tree_15_OP_0.41746043795827315_Split_33.fasta,0.013872111,0.013,0.025,0.011,0.03,0.014,b0#0056_ttT_tree_34_OP_1.0366726566663713_Split_56.fasta,0.008,PRANK_b0#0054_htH_tree_26_OP_0.29651356503044807_Split_54.fasta,0.019,MUSCLE_diversified_replicate.none.132.afa,False,True,False,True,True,False,True,True
KIAA0368,MSA.PRANK.aln.best.fas,0.014,b0#0069_hhH_tree_0_OP_1.0548702439599185_Split_69.fasta,0.0132731935,0.02,0.028,0.014,0.028,0.018,b1#0020_htH_tree_92_OP_1.0953060982717637_Split_20.fasta,0.014,MSA.PRANK.aln.best.fas,0.021,MUSCLE_diversified_replicate.abc.97.afa,False,True,False,True,False,False,True,True
TATDN3,PRANK_b0#0066_htH_tree_9_OP_0.08062562720491617_Split_66.fasta,0.021,PRANK_b0#0074_htT_tree_33_OP_0.13010775990645013_Split_74.fasta,0.029129116,0.03,0.056,0.031,0.038,0.033,b0#0052_hhH_tree_1_OP_1.1043823304357372_Split_52.fasta,0.021,PRANK_b0#0066_htH_tree_9_OP_0.08062562720491617_Split_66.fasta,0.029,MUSCLE_diversified_replicate.none.184.afa,False,True,True,True,True,False,False,True
TEAD1,PRANK_b1#0027_htH_tree_16_OP_0.2566535352937862_Split_27.fasta,0.005,PRANK_b1#0008_hhT_tree_7_OP_0.17619030436308708_Split_8.fasta,0.011502485,0.008,0.011,0.01,0.012,0.008,b0#0060_hhH_tree_55_OP_1.0484075320776778_Split_60.fasta,0.005,PRANK_b1#0027_htH_tree_16_OP_0.2566535352937862_Split_27.fasta,0.011,MUSCLE_diversified_replicate.none.216.afa,False,True,True,True,True,False,True,False
GRHL2,PRANK_b1#0029_hhH_tree_27_OP_0.3935346487401788_Split_29.fasta,0.012,PRANK_b0#0040_ttH_tree_14_OP_0.3276733541363485_Split_40.fasta,0.01618515,0.018,0.027,0.021,0.034,0.024,b1#0012_hhT_tree_10_OP_1.2436674558857377_Split_12.fasta,0.012,PRANK_b1#0029_hhH_tree_27_OP_0.3935346487401788_Split_29.fasta,0.024,MUSCLE_diversified_replicate.acb.122.afa,False,True,True,True,True,False,True,False
PTPRR,PRANK_b0#0041_thH_tree_26_OP_0.3009242522027713_Split_41.fasta,0.012,PRANK_b0#0041_ttT_tree_26_OP_0.3009242522027713_Split_41.fasta,0.016654992,0.014,0.029,0.024,0.031,0.022,b1#0009_htT_tree_6_OP_1.07503346802176_Split_9.fasta,0.012,PRANK_b0#0041_thH_tree_26_OP_0.3009242522027713_Split_41.fasta,0.027,MUSCLE_diversified_replicate.bca.71.afa,False,True,True,True,True,False,True,True
ADAM7,PRANK_b1#0029_htT_tree_9_OP_0.20528056085479846_Split_29.fasta,0.036,MSA.PRANK.aln.best.fas,0.06088286,0.047,0.062,0.047,0.081,0.05,b1#0013_htH_tree_88_OP_1.1007439873197864_Split_13.fasta,0.036,PRANK_b1#0029_htT_tree_9_OP_0.20528056085479846_Split_29.fasta,0.072,MUSCLE_diversified_replicate.abc.373.afa,False,True,True,True,True,False,True,False
CUL5,PRANK_b0#0075_htT_tree_1_OP_0.49326005770558046_Split_75.fasta,0.005,PRANK_b1#0005_htH_tree_19_OP_0.4909727883247665_Split_5.fasta,0.011226273,0.005,0.011,0.009,0.009,0.007,b0#0062_thT_tree_11_OP_1.3433094284963738_Split_62.fasta,0.005,PRANK_b0#0075_htT_tree_1_OP_0.49326005770558046_Split_75.fasta,0.008,MUSCLE_diversified_replicate.abc.373.afa,False,True,True,True,True,True,True,True
TLE4,PRANK_b1#0005_htT_tree_3_OP_0.2576952535662147_Split_5.fasta,0.007,PRANK_b1#0010_hhT_tree_17_OP_0.37090090811809473_Split_10.fasta,0.01483591,0.012,0.021,0.014,0.017,0.013,b0#0041_thT_tree_56_OP_1.0638468924518893_Split_41.fasta,0.007,PRANK_b1#0005_htT_tree_3_OP_0.2576952535662147_Split_5.fasta,0.016,MUSCLE_diversified_replicate.acb.374.afa,False,True,True,True,True,False,True,False
ACVR1C,PRANK_b1#0027_htT_tree_24_OP_0.4084455118780197_Split_27.fasta,0.012,PRANK_b0#0074_ttH_tree_17_OP_0.2980185084917996_Split_74.fasta,0.016576935,0.017,0.018,0.018,0.024,0.016,b1#0027_hhT_tree_37_OP_1.0294078232639388_Split_27.fasta,0.012,PRANK_b1#0027_htT_tree_24_OP_0.4084455118780197_Split_27.fasta,0.017,MUSCLE_diversified_replicate.acb.262.afa,False,True,True,True,False,False,True,False
HHIP,PRANK_b1#0008_htH_tree_0_OP_0.2643669024212743_Split_8.fasta,0.008,PRANK_b1#0006_hhH_tree_4_OP_0.20458817071578933_Split_6.fasta,0.01283527,0.01,0.019,0.016,0.02,0.01,b1#0031_htT_tree_72_OP_1.1878660034159279_Split_31.fasta,0.008,PRANK_b1#0008_htH_tree_0_OP_0.2643669024212743_Split_8.fasta,0.016,MUSCLE_diversified_replicate.none.352.afa,False,True,True,True,True,False,True,True
CERS3,PRANK_b1#0037_htT_tree_13_OP_0.1525678214222016_Split_37.fasta,0.012,PRANK_b1#0029_hhT_tree_0_OP_0.2877938833550306_Split_29.fasta,0.02561385,0.022,0.039,0.022,0.028,0.022,b0#0066_htT_tree_62_OP_1.1662786413730077_Split_66.fasta,0.012,PRANK_b1#0037_htT_tree_13_OP_0.1525678214222016_Split_37.fasta,0.025,MUSCLE_diversified_replicate.none.388.afa,False,True,True,True,True,False,True,False
ARIH2,PRANK_b0#0041_hhT_tree_2_OP_0.4002736257109029_Split_41.fasta,0.007,PRANK_b0#0048_hhH_tree_22_OP_0.2264490423114488_Split_48.fasta,0.012130522,0.011,0.027,0.016,0.022,0.014,b1#0009_htT_tree_88_OP_1.0767826023993055_Split_9.fasta,0.007,PRANK_b0#0041_hhT_tree_2_OP_0.4002736257109029_Split_41.fasta,0.02,MUSCLE_diversified_replicate.abc.189.afa,False,True,True,True,True,False,True,False
DCUN1D4,PRANK_b1#0005_hhH_tree_3_OP_0.121373007808729_Split_5.fasta,0.008,PRANK_b0#0050_htT_tree_28_OP_0.342471778987598_Split_50.fasta,0.016971963,0.02,0.039,0.017,0.038,0.019,b0#0073_htT_tree_84_OP_1.2431170794854627_Split_73.fasta,0.008,PRANK_b1#0005_hhH_tree_3_OP_0.121373007808729_Split_5.fasta,0.032,MUSCLE_diversified_replicate.none.84.afa,False,True,False,True,False,False,True,False
TMEM232,PRANK_b0#0050_ttT_tree_53_OP_0.09809251462253032_Split_50.fasta,0.052,PRANK_b0#0074_thH_tree_81_OP_0.12448496088868627_Split_74.fasta,0.0737312,0.068,0.104,0.069,0.09,0.067,b0#0074_hhH_tree_88_OP_1.0575385116758589_Split_74.fasta,0.052,PRANK_b0#0050_ttT_tree_53_OP_0.09809251462253032_Split_50.fasta,0.079,MUSCLE_diversified_replicate.acb.158.afa,False,True,True,True,False,False,True,False
NRP1,PRANK_b1#0017_hhT_tree_14_OP_0.2614022651179497_Split_17.fasta,0.01,PRANK_b1#0024_htH_tree_25_OP_0.15927033961515374_Split_24.fasta,0.01485117,0.022,0.028,0.021,0.019,0.015,b1#0034_hhT_tree_90_OP_1.0921091419644617_Split_34.fasta,0.01,PRANK_b1#0017_hhT_tree_14_OP_0.2614022651179497_Split_17.fasta,0.018,MUSCLE_diversified_replicate.bca.279.afa,False,True,False,False,False,False,False,False
HAT1,PRANK_b0#0062_hhT_tree_6_OP_0.0714374438034685_Split_62.fasta,0.004,PRANK_b1#0012_hhT_tree_4_OP_0.23661652937629934_Split_12.fasta,0.013525935,0.009,0.014,0.014,0.012,0.008,b1#0028_htH_tree_93_OP_1.2885075990085124_Split_28.fasta,0.004,PRANK_b0#0062_hhT_tree_6_OP_0.0714374438034685_Split_62.fasta,0.011,MUSCLE_diversified_replicate.abc.165.afa,False,True,True,True,False,False,True,False
ACSL6,PRANK_b1#0029_htT_tree_7_OP_0.3295531883812106_Split_29.fasta,0.016,PRANK_b1#0025_htT_tree_12_OP_0.4825636927304984_Split_25.fasta,0.022982202,0.021,0.03,0.025,0.042,0.027,b1#0020_htT_tree_56_OP_1.095001145954492_Split_20.fasta,0.016,PRANK_b1#0029_htT_tree_7_OP_0.3295531883812106_Split_29.fasta,0.036,MUSCLE_diversified_replicate.acb.58.afa,False,True,True,True,True,False,True,True
SMPX,PRANK_b0#0044_htT_tree_20_OP_0.34498179335854257_Split_44.fasta,0.007,PRANK_b0#0071_ttT_tree_36_OP_0.24159141975879733_Split_71.fasta,0.013633896,0.013,0.045,0.018,0.032,0.027,b1#0036_hhT_tree_77_OP_1.4715474968695788_Split_36.fasta,0.007,PRANK_b0#0044_htT_tree_20_OP_0.34498179335854257_Split_44.fasta,0.016,MUSCLE_diversified_replicate.acb.298.afa,False,True,True,True,True,False,True,False
RNF141,PRANK_b1#0037_hhT_tree_27_OP_0.24407528049028793_Split_37.fasta,0.005,PRANK_b1#0005_htH_tree_37_OP_0.2950567419755762_Split_5.fasta,0.012286513,0.014,0.018,0.014,0.029,0.008,b0#0056_thH_tree_6_OP_1.4935652966369235_Split_56.fasta,0.005,PRANK_b1#0037_hhT_tree_27_OP_0.24407528049028793_Split_37.fasta,0.022,MUSCLE_diversified_replicate.abc.373.afa,False,True,True,True,False,False,True,True
MYB,PRANK_b0#0068_hhH_tree_13_OP_0.047240505435703184_Split_68.fasta,0.013,PRANK_b0#0069_thT_tree_9_OP_0.33770619977293187_Split_69.fasta,0.014575515,0.017,0.027,0.017,0.023,0.015,b1#0038_hhT_tree_23_OP_1.4586915393086275_Split_38.fasta,0.013,PRANK_b0#0068_hhH_tree_13_OP_0.047240505435703184_Split_68.fasta,0.02,MUSCLE_diversified_replicate.bca.39.afa,False,True,True,True,False,False,True,False
PRCP,MSA.PRANK.aln.best.fas,0.026,PRANK_b0#0065_ttT_tree_6_OP_0.35740413380200464_Split_65.fasta,0.024807477,0.038,0.062,0.026,0.068,0.043,b0#0046_thT_tree_79_OP_1.5141866880379455_Split_46.fasta,0.026,MSA.PRANK.aln.best.fas,0.06,MUSCLE_diversified_replicate.acb.362.afa,False,True,False,True,True,False,True,False
SLC4A10,PRANK_b1#0018_htH_tree_13_OP_0.4520456043996538_Split_18.fasta,0.007,PRANK_b1#0018_htT_tree_13_OP_0.4520456043996538_Split_18.fasta,0.011431997,0.009,0.013,0.011,0.01,0.009,b1#0001_hhT_tree_62_OP_1.0665552330561865_Split_1.fasta,0.007,PRANK_b1#0018_htH_tree_13_OP_0.4520456043996538_Split_18.fasta,0.009,MUSCLE_diversified_replicate.abc.349.afa,False,True,True,True,True,False,True,True
RNF145,PRANK_b1#0036_hhH_tree_7_OP_0.216738087716838_Split_36.fasta,0.01,PRANK_b1#0037_htT_tree_25_OP_0.4616810827543171_Split_37.fasta,0.013739966,0.015,0.021,0.017,0.025,0.016,b0#0056_hhH_tree_78_OP_1.1539633809824588_Split_56.fasta,0.01,PRANK_b1#0036_hhH_tree_7_OP_0.216738087716838_Split_36.fasta,0.023,MUSCLE_diversified_replicate.none.336.afa,False,True,True,True,True,False,True,False
AGMAT,PRANK_b1#0004_htT_tree_31_OP_0.1931109227605468_Split_4.fasta,0.02,PRANK_b1#0009_htH_tree_11_OP_0.0840529269431119_Split_9.fasta,0.02604347,0.033,0.049,0.047,0.043,0.036,b1#0029_htH_tree_96_OP_1.5443239237547124_Split_29.fasta,0.02,PRANK_b1#0004_htT_tree_31_OP_0.1931109227605468_Split_4.fasta,0.036,MUSCLE_diversified_replicate.none.104.afa,False,True,True,True,True,False,True,False
RECK,PRANK_b1#0034_htT_tree_14_OP_0.10612664825291446_Split_34.fasta,0.017,PRANK_b0#0073_htH_tree_8_OP_0.3725551931796153_Split_73.fasta,0.014338172,0.024,0.024,0.02,0.026,0.021,b0#0061_hhT_tree_51_OP_1.2755688812382922_Split_61.fasta,0.017,PRANK_b1#0034_htT_tree_14_OP_0.10612664825291446_Split_34.fasta,0.022,MUSCLE_diversified_replicate.none.84.afa,False,True,False,True,False,False,False,False
OBFC1,PRANK_b1#0029_hhH_tree_26_OP_0.14327251775387745_Split_29.fasta,0.029,PRANK_b0#0064_htT_tree_16_OP_0.08197120247324585_Split_64.fasta,0.046252575,0.038,0.075,0.039,0.064,0.032,b0#0040_htT_tree_23_OP_1.035309658816059_Split_40.fasta,0.029,PRANK_b1#0029_hhH_tree_26_OP_0.14327251775387745_Split_29.fasta,0.057,MUSCLE_diversified_replicate.none.380.afa,False,True,True,True,False,False,True,False
KAT6A,MSA.PRANK.aln.best.fas,0.014,MSA.PRANK.aln.best.fas,0.015846195,0.014,0.028,0.014,0.027,0.016,b0#0042_ttT_tree_90_OP_1.0467692045765862_Split_42.fasta,0.014,MSA.PRANK.aln.best.fas,0.023,MUSCLE_diversified_replicate.acb.362.afa,False,True,True,True,True,True,True,True
ASH2L,PRANK_b0#0053_hhH_tree_21_OP_0.46260226355083045_Split_53.fasta,0.012,PRANK_b0#0076_hhH_tree_12_OP_0.34081717027109065_Split_76.fasta,0.015137147,0.014,0.025,0.019,0.02,0.013,b1#0003_htT_tree_75_OP_1.0499483634004438_Split_3.fasta,0.012,PRANK_b0#0053_hhH_tree_21_OP_0.46260226355083045_Split_53.fasta,0.017,MUSCLE_diversified_replicate.acb.370.afa,False,True,True,True,False,False,True,False
SLC39A9,PRANK_b0#0067_hhH_tree_6_OP_0.3487695838984132_Split_67.fasta,0.014,PRANK_b1#0037_htT_tree_29_OP_0.4805539836010771_Split_37.fasta,0.023353634,0.02,0.032,0.02,0.027,0.024,b1#0025_htH_tree_47_OP_1.0037571144552897_Split_25.fasta,0.014,PRANK_b0#0067_hhH_tree_6_OP_0.3487695838984132_Split_67.fasta,0.022,MUSCLE_diversified_replicate.acb.102.afa,False,True,True,True,True,False,True,False
TTC39B,PRANK_b0#0056_ttT_tree_31_OP_0.18019864432300858_Split_56.fasta,0.017,PRANK_b0#0060_thT_tree_35_OP_0.45175336655026205_Split_60.fasta,0.02549448,0.02,0.042,0.019,0.041,0.029,b1#0009_hhH_tree_99_OP_1.0546930238432313_Split_9.fasta,0.017,PRANK_b0#0056_ttT_tree_31_OP_0.18019864432300858_Split_56.fasta,0.035,MUSCLE_diversified_replicate.abc.305.afa,False,True,False,True,True,False,True,False
AKIRIN2,PRANK_b0#0061_htT_tree_13_OP_0.0785169253291208_Split_61.fasta,0.002,PRANK_b0#0061_htT_tree_13_OP_0.0785169253291208_Split_61.fasta,0.012803213,0.002,0.009,0.005,0.012,0.003,b0#0063_ttT_tree_18_OP_1.3777947268710662_Split_63.fasta,0.002,PRANK_b0#0061_htT_tree_13_OP_0.0785169253291208_Split_61.fasta,0.008,MUSCLE_diversified_replicate.none.296.afa,False,True,True,True,True,True,True,True
SH3TC2,MSA.PRANK.aln.best.fas,0.071,MSA.PRANK.aln.best.fas,0.06551126,0.071,0.073,0.071,0.082,0.073,MSA.MAFFT.aln.With_Names,0.071,MSA.PRANK.aln.best.fas,0.075,MUSCLE_diversified_replicate.bca.311.afa,False,True,True,True,True,True,True,True
ART3,PRANK_b0#0046_ttH_tree_6_OP_0.22355883729393794_Split_46.fasta,0.071,PRANK_b0#0049_hhT_tree_66_OP_0.2948605947172692_Split_49.fasta,0.06817372,0.093,0.117,0.082,0.104,0.108,b0#0068_hhH_tree_54_OP_1.3462631847552224_Split_68.fasta,0.071,PRANK_b0#0046_ttH_tree_6_OP_0.22355883729393794_Split_46.fasta,0.095,MUSCLE_diversified_replicate.acb.370.afa,False,True,False,True,True,False,True,True
PLS3,PRANK_b0#0057_hhH_tree_25_OP_0.2173920219453256_Split_57.fasta,0.007,PRANK_b0#0058_ttH_tree_3_OP_0.4284425561093821_Split_58.fasta,0.013026003,0.011,0.017,0.014,0.017,0.012,b1#0031_hhT_tree_20_OP_1.0333420680648868_Split_31.fasta,0.007,PRANK_b0#0057_hhH_tree_25_OP_0.2173920219453256_Split_57.fasta,0.014,MUSCLE_diversified_replicate.acb.58.afa,False,True,True,True,True,False,True,True
RB1,PRANK_b0#0061_ttT_tree_0_OP_0.13916769866935536_Split_61.fasta,0.008,PRANK_b1#0032_hhT_tree_17_OP_0.11623700622892802_Split_32.fasta,0.012894203,0.01,0.016,0.01,0.021,0.011,b0#0051_ttH_tree_96_OP_1.0330575580608863_Split_51.fasta,0.008,PRANK_b0#0061_ttT_tree_0_OP_0.13916769866935536_Split_61.fasta,0.014,MUSCLE_diversified_replicate.none.332.afa,False,True,True,True,True,False,True,True
CCDC104,PRANK_b1#0037_hhH_tree_16_OP_0.2747780373779085_Split_37.fasta,0.007,PRANK_b0#0057_ttH_tree_14_OP_0.43083256095486144_Split_57.fasta,0.022136392,0.014,0.02,0.014,0.02,0.012,b1#0025_hhT_tree_16_OP_1.0809999839522173_Split_25.fasta,0.007,PRANK_b1#0037_hhH_tree_16_OP_0.2747780373779085_Split_37.fasta,0.015,MUSCLE_diversified_replicate.abc.97.afa,False,True,True,True,False,False,True,False
C9orf91,PRANK_b1#0006_htT_tree_3_OP_0.2801860153792429_Split_6.fasta,0.071,PRANK_b1#0017_hhT_tree_18_OP_0.4317663017920289_Split_17.fasta,0.0593606,0.078,0.093,0.091,0.106,0.083,b0#0075_thT_tree_80_OP_1.1034303408214472_Split_75.fasta,0.071,PRANK_b1#0006_htT_tree_3_OP_0.2801860153792429_Split_6.fasta,0.095,MUSCLE_diversified_replicate.acb.178.afa,False,True,True,True,True,False,True,True
EXOC1,MUSCLE_diversified_replicate.acb.174.afa,0.01,PRANK_b0#0061_thH_tree_24_OP_0.21852525836293885_Split_61.fasta,0.011944418,0.011,0.014,0.013,0.012,0.011,b1#0004_htH_tree_71_OP_1.1201409513681326_Split_4.fasta,0.01,PRANK_b0#0061_thT_tree_24_OP_0.21852525836293885_Split_61.fasta,0.01,MUSCLE_diversified_replicate.acb.174.afa,False,True,True,True,True,False,False,False
CDH10,PRANK_b1#0036_htH_tree_32_OP_0.0942488069907721_Split_36.fasta,0.01,PRANK_b0#0044_hhT_tree_9_OP_0.3095941424046541_Split_44.fasta,0.014834744,0.018,0.028,0.013,0.035,0.021,b1#0017_hhH_tree_81_OP_1.0387780109144409_Split_17.fasta,0.01,PRANK_b1#0036_htH_tree_32_OP_0.0942488069907721_Split_36.fasta,0.03,MUSCLE_diversified_replicate.abc.297.afa,False,True,False,True,True,False,True,False
BORA,PRANK_b1#0023_htT_tree_38_OP_0.05059730597217316_Split_23.fasta,0.022,PRANK_b1#0028_htH_tree_3_OP_0.19478889356528478_Split_28.fasta,0.039179515,0.028,0.04,0.031,0.038,0.027,b1#0012_hhH_tree_53_OP_1.0898262686623585_Split_12.fasta,0.022,PRANK_b1#0023_htT_tree_38_OP_0.05059730597217316_Split_23.fasta,0.036,MUSCLE_diversified_replicate.none.32.afa,False,True,True,True,False,False,True,False
KLC4,PRANK_b1#0035_hhT_tree_21_OP_0.045360240897915516_Split_35.fasta,0.018,PRANK_b1#0016_hhT_tree_22_OP_0.33241214460539054_Split_16.fasta,0.02448949,0.023,0.036,0.028,0.03,0.023,b1#0022_hhT_tree_16_OP_1.1314155058095672_Split_22.fasta,0.018,PRANK_b1#0035_hhT_tree_21_OP_0.045360240897915516_Split_35.fasta,0.023,MUSCLE_diversified_replicate.none.84.afa,False,True,True,True,True,False,True,False
ORC4,PRANK_b1#0005_hhT_tree_13_OP_0.3643845619929912_Split_5.fasta,0.006,PRANK_b1#0003_hhT_tree_20_OP_0.4723617520705636_Split_3.fasta,0.01279045,0.009,0.013,0.009,0.015,0.008,b1#0035_htT_tree_39_OP_1.1707222951808571_Split_35.fasta,0.006,PRANK_b1#0005_hhT_tree_13_OP_0.3643845619929912_Split_5.fasta,0.011,MUSCLE_diversified_replicate.acb.362.afa,False,True,True,True,False,False,True,True
RHBDL2,PRANK_b0#0054_hhT_tree_18_OP_0.19082582918193552_Split_54.fasta,0.029,PRANK_b0#0075_htH_tree_57_OP_0.2982424277797826_Split_75.fasta,0.026489489,0.037,0.052,0.044,0.051,0.04,b1#0020_hhH_tree_63_OP_1.0698542774768258_Split_20.fasta,0.029,PRANK_b0#0054_hhT_tree_18_OP_0.19082582918193552_Split_54.fasta,0.045,MUSCLE_diversified_replicate.acb.310.afa,False,True,True,True,True,False,True,False
OSTF1,PRANK_b0#0051_htH_tree_45_OP_0.0011578366828385867_Split_51.fasta,0.01,PRANK_b1#0017_htT_tree_13_OP_0.381943283425483_Split_17.fasta,0.016403137,0.019,0.022,0.018,0.035,0.012,b0#0053_hhH_tree_20_OP_1.373654802970534_Split_53.fasta,0.01,PRANK_b0#0051_htH_tree_45_OP_0.0011578366828385867_Split_51.fasta,0.023,MUSCLE_diversified_replicate.none.88.afa,False,True,False,True,False,False,True,False
SKAP1,PRANK_b0#0047_hhH_tree_17_OP_0.06677648392386532_Split_47.fasta,0.019,PRANK_b0#0062_hhT_tree_13_OP_0.16616660049225396_Split_62.fasta,0.026605513,0.027,0.044,0.023,0.042,0.029,b0#0053_thT_tree_86_OP_1.1962076737107479_Split_53.fasta,0.019,PRANK_b0#0047_hhH_tree_17_OP_0.06677648392386532_Split_47.fasta,0.038,MUSCLE_diversified_replicate.none.240.afa,False,True,False,True,True,False,True,False
ATG4C,MSA.PRANK.aln.best.fas,0.018,PRANK_b0#0046_thT_tree_0_OP_0.4899758034586812_Split_46.fasta,0.017775249,0.033,0.025,0.018,0.038,0.022,b0#0071_thH_tree_21_OP_1.656769206419146_Split_71.fasta,0.018,MSA.PRANK.aln.best.fas,0.028,MUSCLE_diversified_replicate.acb.142.afa,False,False,False,True,False,False,False,True
SPHKAP,MSA.PRANK.aln.best.fas,0.056,MSA.PRANK.aln.best.fas,0.07437315,0.056,0.079,0.056,0.08,0.067,b0#0052_thH_tree_41_OP_1.1716211519617992_Split_52.fasta,0.056,MSA.PRANK.aln.best.fas,0.068,MUSCLE_diversified_replicate.none.136.afa,False,True,True,True,True,True,True,True
SLC26A5,PRANK_b1#0006_hhT_tree_22_OP_0.061810531309759276_Split_6.fasta,0.018,PRANK_b1#0030_htH_tree_16_OP_0.2781015925725424_Split_30.fasta,0.020698788,0.026,0.034,0.025,0.038,0.023,b0#0052_hhH_tree_32_OP_1.2478074276827664_Split_52.fasta,0.018,PRANK_b1#0006_hhT_tree_22_OP_0.061810531309759276_Split_6.fasta,0.032,MUSCLE_diversified_replicate.acb.362.afa,False,True,False,True,False,False,True,False
ZSWIM6,b0#0049_ttH_tree_23_OP_1.0279746653537225_Split_49.fasta,0.03,MSA.PRANK.aln.best.fas,0.02447667,0.03,0.035,0.03,0.037,0.03,b0#0049_ttH_tree_23_OP_1.0279746653537225_Split_49.fasta,0.03,MSA.PRANK.aln.best.fas,0.034,MUSCLE_diversified_replicate.abc.177.afa,False,True,True,True,True,True,True,True
TECTB,PRANK_b0#0048_htT_tree_10_OP_0.15074588519217758_Split_48.fasta,0.007,PRANK_b1#0030_hhH_tree_0_OP_0.30769647346598417_Split_30.fasta,0.016553732,0.008,0.028,0.016,0.025,0.013,b1#0039_htH_tree_44_OP_1.0265696590943616_Split_39.fasta,0.007,PRANK_b0#0048_htT_tree_10_OP_0.15074588519217758_Split_48.fasta,0.019,MUSCLE_diversified_replicate.acb.218.afa,False,True,True,True,True,False,True,False
USP6NL,PRANK_b1#0021_hhH_tree_17_OP_0.20880611384237496_Split_21.fasta,0.023,PRANK_b1#0005_htH_tree_27_OP_0.40418900592461127_Split_5.fasta,0.03480835,0.027,0.074,0.032,0.063,0.047,b1#0022_htH_tree_74_OP_1.0022291749302463_Split_22.fasta,0.023,PRANK_b1#0021_hhH_tree_17_OP_0.20880611384237496_Split_21.fasta,0.057,MUSCLE_diversified_replicate.bca.3.afa,False,True,True,True,True,False,True,False
NR2C1,PRANK_b1#0036_hhT_tree_4_OP_0.18038739864394043_Split_36.fasta,0.009,PRANK_b1#0029_htT_tree_12_OP_0.3225548827297703_Split_29.fasta,0.015514116,0.013,0.024,0.014,0.019,0.011,b0#0069_htT_tree_10_OP_1.0701768378620287_Split_69.fasta,0.009,PRANK_b1#0036_hhT_tree_4_OP_0.18038739864394043_Split_36.fasta,0.017,MUSCLE_diversified_replicate.none.160.afa,False,True,True,True,False,False,True,False
ATP1B1,PRANK_b0#0071_hhT_tree_20_OP_0.3210092610837439_Split_71.fasta,0.025,PRANK_b1#0029_htH_tree_2_OP_0.40538618792368003_Split_29.fasta,0.02913362,0.036,0.052,0.041,0.069,0.032,b0#0059_hhH_tree_79_OP_1.0631455839368704_Split_59.fasta,0.025,PRANK_b0#0071_hhT_tree_20_OP_0.3210092610837439_Split_71.fasta,0.057,MUSCLE_diversified_replicate.acb.58.afa,False,True,True,True,False,False,True,False
PDE1C,PRANK_b1#0029_htT_tree_6_OP_0.11841854640692545_Split_29.fasta,0.017,PRANK_b1#0006_htH_tree_31_OP_0.22917913935805218_Split_6.fasta,0.02224957,0.019,0.03,0.027,0.037,0.021,b0#0040_ttH_tree_52_OP_1.1832320125854243_Split_40.fasta,0.017,PRANK_b1#0029_htT_tree_6_OP_0.11841854640692545_Split_29.fasta,0.028,MUSCLE_diversified_replicate.bca.39.afa,False,True,True,True,True,False,True,False
GARS,PRANK_b1#0026_htH_tree_19_OP_0.0948772042291054_Split_26.fasta,0.024,PRANK_b0#0075_thT_tree_30_OP_0.29722165706634407_Split_75.fasta,0.022325657,0.032,0.049,0.03,0.061,0.031,b0#0060_htH_tree_32_OP_1.1011909151604813_Split_60.fasta,0.024,PRANK_b1#0026_htH_tree_19_OP_0.0948772042291054_Split_26.fasta,0.057,MUSCLE_diversified_replicate.acb.362.afa,False,True,False,True,False,False,True,False
BPIFC,PRANK_b0#0059_thH_tree_26_OP_0.39199201369995784_Split_59.fasta,0.016,PRANK_b0#0066_ttT_tree_9_OP_0.47774682254748785_Split_66.fasta,0.03076973,0.019,0.034,0.024,0.041,0.019,b0#0073_thT_tree_28_OP_1.3666812366151608_Split_73.fasta,0.016,PRANK_b0#0059_thH_tree_26_OP_0.39199201369995784_Split_59.fasta,0.034,MUSCLE_diversified_replicate.bca.3.afa,False,True,True,True,True,False,True,False
FGD6,MSA.PRANK.aln.best.fas,0.037,MSA.PRANK.aln.best.fas,0.043729965,0.037,0.054,0.037,0.053,0.04,b0#0042_htH_tree_70_OP_1.0006078511393162_Split_42.fasta,0.037,MSA.PRANK.aln.best.fas,0.05,MUSCLE_diversified_replicate.bca.399.afa,False,True,True,True,True,True,True,True
RASA1,PRANK_b1#0006_htH_tree_16_OP_0.10926156524279274_Split_6.fasta,0.006,PRANK_b1#0013_hhH_tree_25_OP_0.3278587482758312_Split_13.fasta,0.01175696,0.008,0.014,0.013,0.015,0.009,b0#0055_htT_tree_86_OP_1.09881877457459_Split_55.fasta,0.006,PRANK_b1#0006_htH_tree_16_OP_0.10926156524279274_Split_6.fasta,0.013,MUSCLE_diversified_replicate.abc.373.afa,False,True,True,True,True,False,True,True
MPP7,PRANK_b1#0034_hhH_tree_36_OP_0.09648080449825003_Split_34.fasta,0.008,PRANK_b1#0002_htT_tree_24_OP_0.2861070644510432_Split_2.fasta,0.014785548,0.012,0.02,0.015,0.012,0.01,b1#0000_hhH_tree_75_OP_1.1192479983342385_Split_0.fasta,0.008,PRANK_b1#0034_hhH_tree_36_OP_0.09648080449825003_Split_34.fasta,0.009,MUSCLE_diversified_replicate.none.240.afa,False,True,True,True,False,False,False,False
TGFBI,PRANK_b1#0028_htH_tree_11_OP_0.10605708827719185_Split_28.fasta,0.016,PRANK_b1#0035_hhT_tree_15_OP_0.4012399658424504_Split_35.fasta,0.023871806,0.023,0.047,0.027,0.04,0.03,b1#0029_hhT_tree_8_OP_1.091713420101832_Split_29.fasta,0.016,PRANK_b1#0028_htH_tree_11_OP_0.10605708827719185_Split_28.fasta,0.034,MUSCLE_diversified_replicate.none.316.afa,False,True,True,True,True,False,True,False
PAPOLG,PRANK_b1#0019_htH_tree_15_OP_0.14674916228916007_Split_19.fasta,0.016,PRANK_b1#0009_hhT_tree_47_OP_0.3036915902433723_Split_9.fasta,0.01279148,0.017,0.03,0.02,0.026,0.016,b0#0066_hhH_tree_39_OP_1.0768756934341988_Split_66.fasta,0.016,PRANK_b1#0019_htH_tree_15_OP_0.14674916228916007_Split_19.fasta,0.018,MUSCLE_diversified_replicate.bca.311.afa,False,True,True,True,False,False,True,False
TLR3,PRANK_b0#0046_hhT_tree_45_OP_0.10571670420704388_Split_46.fasta,0.037,PRANK_b1#0018_htT_tree_11_OP_0.44604456815912175_Split_18.fasta,0.041037355,0.048,0.055,0.04,0.063,0.049,b1#0014_hhT_tree_12_OP_1.2735799856699324_Split_14.fasta,0.037,PRANK_b0#0046_hhT_tree_45_OP_0.10571670420704388_Split_46.fasta,0.056,MUSCLE_diversified_replicate.abc.305.afa,False,True,False,True,True,False,True,False
FLT3,MSA.PRANK.aln.best.fas,0.043,MSA.PRANK.aln.best.fas,0.044029422,0.043,0.061,0.043,0.067,0.049,b1#0023_htH_tree_96_OP_1.086273201663093_Split_23.fasta,0.043,MSA.PRANK.aln.best.fas,0.062,MUSCLE_diversified_replicate.abc.373.afa,False,True,True,True,True,True,True,True
DCN,PRANK_b1#0005_htH_tree_40_OP_0.05758015142043832_Split_5.fasta,0.015,PRANK_b1#0014_htT_tree_28_OP_0.41952823968374386_Split_14.fasta,0.023764338,0.022,0.039,0.025,0.034,0.021,b0#0062_ttH_tree_29_OP_1.2055222447949512_Split_62.fasta,0.015,PRANK_b1#0005_htH_tree_40_OP_0.05758015142043832_Split_5.fasta,0.027,MUSCLE_diversified_replicate.abc.349.afa,False,True,True,True,False,False,True,False
KIAA1279,PRANK_b1#0006_hhT_tree_16_OP_0.24961715411000385_Split_6.fasta,0.017,PRANK_b0#0058_hhH_tree_1_OP_0.4598414692583399_Split_58.fasta,0.017836435,0.019,0.028,0.02,0.034,0.021,b0#0065_thH_tree_65_OP_1.1246584817233454_Split_65.fasta,0.017,PRANK_b1#0006_hhT_tree_16_OP_0.24961715411000385_Split_6.fasta,0.03,MUSCLE_diversified_replicate.none.256.afa,False,True,True,True,True,False,True,False
COL9A1,PRANK_b1#0011_htH_tree_8_OP_0.22026312130732595_Split_11.fasta,0.016,PRANK_b0#0069_thT_tree_23_OP_0.3447895982625611_Split_69.fasta,0.020222696,0.02,0.037,0.029,0.027,0.022,b0#0075_hhT_tree_95_OP_1.357407658125037_Split_75.fasta,0.016,PRANK_b1#0011_htH_tree_8_OP_0.22026312130732595_Split_11.fasta,0.024,MUSCLE_diversified_replicate.none.132.afa,False,True,True,True,True,False,True,False
TLK1,PRANK_b1#0026_hhT_tree_18_OP_0.49237291395914723_Split_26.fasta,0.003,PRANK_b1#0014_htT_tree_25_OP_0.39670610592614575_Split_14.fasta,0.011733964,0.005,0.007,0.013,0.01,0.005,b1#0000_htH_tree_89_OP_1.3896193198178886_Split_0.fasta,0.003,PRANK_b1#0026_hhT_tree_18_OP_0.49237291395914723_Split_26.fasta,0.009,MUSCLE_diversified_replicate.abc.165.afa,False,True,True,True,True,False,True,False
TXNDC12,b0#0049_htH_tree_38_OP_1.13329695530371_Split_49.fasta,0.004,PRANK_b0#0048_ttH_tree_22_OP_0.22726277003859197_Split_48.fasta,0.012254819,0.006,0.025,0.005,0.017,0.004,b0#0049_htH_tree_38_OP_1.13329695530371_Split_49.fasta,0.004,PRANK_b1#0024_htH_tree_14_OP_0.3726952876093583_Split_24.fasta,0.01,MUSCLE_diversified_replicate.bca.135.afa,False,True,False,True,False,False,True,False
TMX1,PRANK_b0#0052_thT_tree_17_OP_0.17752101186428243_Split_52.fasta,0.009,PRANK_b1#0022_hhH_tree_7_OP_0.4820503998987611_Split_22.fasta,0.023596717,0.019,0.024,0.016,0.021,0.014,b1#0029_htT_tree_49_OP_1.0978939495559923_Split_29.fasta,0.009,PRANK_b0#0052_thT_tree_17_OP_0.17752101186428243_Split_52.fasta,0.018,MUSCLE_diversified_replicate.bca.135.afa,False,True,False,True,False,False,False,True
TTC33,PRANK_b0#0073_ttT_tree_26_OP_0.37004126382887764_Split_73.fasta,0.026,PRANK_b1#0030_hhT_tree_36_OP_0.4427458332957877_Split_30.fasta,0.03956095,0.042,0.035,0.043,0.044,0.035,MSA.MAFFT.aln.With_Names,0.026,PRANK_b0#0073_ttT_tree_26_OP_0.37004126382887764_Split_73.fasta,0.034,MUSCLE_diversified_replicate.abc.213.afa,False,False,True,True,False,False,False,False
RNF144B,PRANK_b1#0013_hhT_tree_13_OP_0.021117292710244373_Split_13.fasta,0.025,PRANK_b0#0048_thH_tree_6_OP_0.16849109354865083_Split_48.fasta,0.025555493,0.03,0.044,0.029,0.041,0.03,b0#0062_hhT_tree_86_OP_1.1252335975111964_Split_62.fasta,0.025,PRANK_b1#0013_hhT_tree_13_OP_0.021117292710244373_Split_13.fasta,0.036,MUSCLE_diversified_replicate.acb.98.afa,False,True,False,True,True,False,True,False
RRM2B,PRANK_b1#0001_htH_tree_29_OP_0.04218263672919631_Split_1.fasta,0.012,PRANK_b0#0055_htT_tree_63_OP_0.2705319449041978_Split_55.fasta,0.014633477,0.019,0.015,0.015,0.023,0.013,b0#0074_thT_tree_50_OP_1.036558895684012_Split_74.fasta,0.012,PRANK_b1#0001_htH_tree_29_OP_0.04218263672919631_Split_1.fasta,0.016,MUSCLE_diversified_replicate.none.132.afa,False,False,False,True,False,False,False,False
ZNF385B,PRANK_b1#0025_htH_tree_23_OP_0.1779135123550588_Split_25.fasta,0.017,PRANK_b0#0074_hhH_tree_3_OP_0.23264590621043862_Split_74.fasta,0.021547902,0.022,0.028,0.021,0.033,0.018,b1#0009_hhH_tree_38_OP_1.0711682924099255_Split_9.fasta,0.017,PRANK_b1#0025_htH_tree_23_OP_0.1779135123550588_Split_25.fasta,0.022,MUSCLE_diversified_replicate.none.84.afa,False,True,False,True,False,False,True,False
ROR1,PRANK_b1#0034_hhH_tree_28_OP_0.1166700905186448_Split_34.fasta,0.014,PRANK_b1#0038_htT_tree_21_OP_0.28256616636536064_Split_38.fasta,0.017775465,0.022,0.035,0.026,0.036,0.026,b0#0067_htH_tree_65_OP_1.2104772997069717_Split_67.fasta,0.014,PRANK_b1#0034_hhH_tree_28_OP_0.1166700905186448_Split_34.fasta,0.031,MUSCLE_diversified_replicate.bca.331.afa,False,True,True,True,True,False,True,False
BEND4,PRANK_b1#0016_hhT_tree_20_OP_0.13547114261593135_Split_16.fasta,0.022,PRANK_b0#0060_ttH_tree_17_OP_0.4876193841635454_Split_60.fasta,0.018764926,0.032,0.045,0.033,0.036,0.023,b0#0053_ttT_tree_15_OP_1.1871241891001958_Split_53.fasta,0.022,PRANK_b1#0016_hhT_tree_20_OP_0.13547114261593135_Split_16.fasta,0.033,MUSCLE_diversified_replicate.none.316.afa,False,True,True,True,False,False,True,False
STON2,PRANK_b0#0044_htT_tree_28_OP_0.11913801778592009_Split_44.fasta,0.023,MSA.PRANK.aln.best.fas,0.028329285,0.024,0.048,0.024,0.049,0.038,b1#0030_htT_tree_28_OP_1.061195285682212_Split_30.fasta,0.023,PRANK_b0#0044_htT_tree_28_OP_0.11913801778592009_Split_44.fasta,0.043,MUSCLE_diversified_replicate.acb.58.afa,False,True,True,True,True,False,True,True
GSS,PRANK_b0#0058_ttH_tree_61_OP_0.044222463992788064_Split_58.fasta,0.028,PRANK_b0#0069_htT_tree_28_OP_0.47353257503798735_Split_69.fasta,0.035521522,0.035,0.037,0.034,0.043,0.033,b0#0052_htT_tree_7_OP_1.1960672398223426_Split_52.fasta,0.028,PRANK_b0#0058_ttH_tree_61_OP_0.044222463992788064_Split_58.fasta,0.037,MUSCLE_diversified_replicate.bca.151.afa,False,True,False,True,False,False,True,False
CCDC149,PRANK_b1#0013_hhT_tree_25_OP_0.25793142923579754_Split_13.fasta,0.03,PRANK_b1#0013_htT_tree_25_OP_0.25793142923579754_Split_13.fasta,0.03946262,0.032,0.063,0.047,0.06,0.049,b1#0032_hhT_tree_72_OP_1.1210935656926584_Split_32.fasta,0.03,PRANK_b1#0013_hhT_tree_25_OP_0.25793142923579754_Split_13.fasta,0.052,MUSCLE_diversified_replicate.none.32.afa,False,True,True,True,True,False,True,True
CADPS2,b0#0065_hhT_tree_67_OP_1.3219719604994309_Split_65.fasta,0.012,MUSCLE_diversified_replicate.none.320.afa,0.012183953,0.017,0.016,0.013,0.019,0.012,b0#0065_hhT_tree_67_OP_1.3219719604994309_Split_65.fasta,0.013,MSA.PRANK.aln.best.fas,0.016,MUSCLE_diversified_replicate.acb.198.afa,False,False,False,True,False,False,False,False
RORB,PRANK_b0#0062_ttH_tree_0_OP_0.03941993589779197_Split_62.fasta,0.007,PRANK_b0#0043_htH_tree_26_OP_0.32412670505046626_Split_43.fasta,0.013412837,0.009,0.015,0.015,0.017,0.008,b1#0036_htT_tree_3_OP_1.0947338508700277_Split_36.fasta,0.007,PRANK_b0#0062_ttH_tree_0_OP_0.03941993589779197_Split_62.fasta,0.013,MUSCLE_diversified_replicate.acb.362.afa,False,True,True,True,False,False,True,False
TNIK,MSA.PRANK.aln.best.fas,0.036,MSA.PRANK.aln.best.fas,0.031191248,0.036,0.048,0.036,0.044,0.04,b0#0049_htH_tree_72_OP_1.1457868957942337_Split_49.fasta,0.036,MSA.PRANK.aln.best.fas,0.04,MUSCLE_diversified_replicate.acb.58.afa,False,True,True,True,True,True,True,True
CCSER2,PRANK_b0#0044_hhT_tree_23_OP_0.08311163228149876_Split_44.fasta,0.01,PRANK_b1#0003_hhT_tree_22_OP_0.22122974069677037_Split_3.fasta,0.021751793,0.015,0.034,0.016,0.026,0.02,b1#0020_hhH_tree_8_OP_1.1185336254810616_Split_20.fasta,0.01,PRANK_b0#0044_hhT_tree_23_OP_0.08311163228149876_Split_44.fasta,0.025,MUSCLE_diversified_replicate.acb.362.afa,False,True,True,True,True,False,True,False
RANBP9,PRANK_b0#0058_hhH_tree_39_OP_0.23094953898002057_Split_58.fasta,0.005,PRANK_b1#0037_hhT_tree_2_OP_0.30025415120633936_Split_37.fasta,0.012284539,0.016,0.014,0.015,0.019,0.009,b0#0063_htH_tree_69_OP_1.2303656220707697_Split_63.fasta,0.005,PRANK_b0#0058_hhH_tree_39_OP_0.23094953898002057_Split_58.fasta,0.009,MUSCLE_diversified_replicate.bca.3.afa,False,False,False,True,False,False,False,False
EXOSC10,PRANK_b1#0038_hhT_tree_10_OP_0.3516303716849691_Split_38.fasta,0.03,PRANK_b1#0038_htH_tree_10_OP_0.3516303716849691_Split_38.fasta,0.033349328,0.031,0.054,0.038,0.055,0.039,b0#0060_hhT_tree_46_OP_1.0230849945619103_Split_60.fasta,0.03,PRANK_b1#0038_hhT_tree_10_OP_0.3516303716849691_Split_38.fasta,0.05,MUSCLE_diversified_replicate.acb.158.afa,False,True,True,True,True,False,True,True
APPBP2,PRANK_b0#0052_hhH_tree_14_OP_0.15451876151400662_Split_52.fasta,0.002,PRANK_b0#0055_ttH_tree_24_OP_0.4090099247195526_Split_55.fasta,0.011517371,0.002,0.008,0.003,0.005,0.003,b0#0056_ttH_tree_73_OP_1.079221375059396_Split_56.fasta,0.002,PRANK_b0#0052_hhH_tree_14_OP_0.15451876151400662_Split_52.fasta,0.004,MUSCLE_diversified_replicate.acb.70.afa,False,True,True,True,True,True,True,True
EIF2AK3,PRANK_b1#0036_htT_tree_20_OP_0.16411344387081533_Split_36.fasta,0.016,PRANK_b0#0043_htT_tree_10_OP_0.30245537651748805_Split_43.fasta,0.02208513,0.017,0.029,0.017,0.03,0.019,b0#0048_thT_tree_20_OP_1.068935469566736_Split_48.fasta,0.016,PRANK_b1#0036_htT_tree_20_OP_0.16411344387081533_Split_36.fasta,0.026,MUSCLE_diversified_replicate.none.316.afa,False,True,True,True,True,False,True,False
